676	printer_technology	coEnum
684	printable_area	coPoints
690	extruder_printable_area	coPointsGroups
697	bed_exclude_area	coPoints
705	bed_custom_texture	coString
711	bed_custom_model	coString
717	elefant_foot_compensation	coFloat
726	elefant_foot_compensation_layers	coInt
737	elefant_foot_layers_density	coPercent
749	layer_height	coFloat
757	printable_height	coFloat
766	extruder_printable_height	coFloats
775	preferred_orientation	coFloat
786	preset_names	coStrings
792	bbl_use_printhost	coBool
799	printer_agent	coString
806	print_host	coString
816	print_host_webui	coString
823	printhost_apikey	coString
831	printhost_port	coString
839	printhost_cafile	coString
849	printhost_user	coString
856	printhost_password	coString
864	printhost_ssl_ignore_revoke	coBool
872	preset_names	coStrings
878	printhost_authorization_type	coEnum
892	preset_name	coString
904	reduce_crossing_wall	coBool
911	max_travel_detour_distance	coFloatOrPercent
924	supertack_plate_temp	coInts
934	cool_plate_temp	coInts
944	textured_cool_plate_temp	coInts
954	eng_plate_temp	coInts
964	hot_plate_temp	coInts
974	textured_plate_temp	coInts
984	supertack_plate_temp_initial_layer	coInts
994	cool_plate_temp_initial_layer	coInts
1004	textured_cool_plate_temp_initial_layer	coInts
1014	eng_plate_temp_initial_layer	coInts
1024	hot_plate_temp_initial_layer	coInts
1033	textured_plate_temp_initial_layer	coInts
1043	curr_bed_type	coEnum
1065	default_bed_type	coString
1072	first_layer_print_sequence	coInts
1078	other_layers_print_sequence	coInts
1084	other_layers_print_sequence_nums	coInt
1088	first_layer_sequence_choice	coEnum
1099	other_layers_sequence_choice	coEnum
1110	before_layer_change_gcode	coString
1119	bottom_shell_layers	coInt
1130	bottom_shell_thickness	coFloat
1141	gap_fill_target	coEnum
1170	enable_overhang_bridge_fan	coBools
1177	overhang_fan_speed	coInts
1190	overhang_fan_threshold	coEnums
1213	bridge_angle	coFloat
1226	internal_bridge_angle	coFloat
1237	bridge_density	coPercent
1252	internal_bridge_density	coPercent
1266	bridge_flow	coFloat
1276	internal_bridge_flow	coFloat
1286	top_solid_infill_flow_ratio	coFloat
1297	bottom_solid_infill_flow_ratio	coFloat
1307	set_other_flow_ratios	coBool
1314	first_layer_flow_ratio	coFloat
1324	outer_wall_flow_ratio	coFloat
1334	inner_wall_flow_ratio	coFloat
1344	overhang_flow_ratio	coFloat
1354	sparse_infill_flow_ratio	coFloat
1364	internal_solid_infill_flow_ratio	coFloat
1374	gap_fill_flow_ratio	coFloat
1384	support_flow_ratio	coFloat
1394	support_interface_flow_ratio	coFloat
1404	precise_outer_wall	coBool
1411	only_one_wall_top	coBool
1418	min_width_top_surface	coFloatOrPercent
1433	only_one_wall_first_layer	coBool
1439	extra_perimeters_on_overhangs	coBool
1446	overhang_reverse	coBool
1454	overhang_reverse_internal_only	coBool
1467	counterbore_hole_bridging	coEnum
1485	overhang_reverse_threshold	coFloatOrPercent
1500	enable_overhang_speed	coBool
1507	slowdown_for_curled_perimeters	coBool
1524	overhang_1_4_speed	coFloatOrPercent
1536	overhang_2_4_speed	coFloatOrPercent
1548	overhang_3_4_speed	coFloatOrPercent
1560	overhang_4_4_speed	coFloatOrPercent
1572	bridge_speed	coFloat
1584	internal_bridge_speed	coFloatOrPercent
1594	brim_width	coFloat
1604	brim_type	coEnum
1627	brim_object_gap	coFloat
1637	brim_flow_ratio	coFloat
1648	brim_use_efc_outline	coBool
1658	combine_brims	coBool
1665	brim_ears	coBool
1672	brim_ears_max_angle	coFloat
1684	brim_ears_detection_length	coFloat
1695	compatible_printers	coStrings
1702	upward_compatible_machine	coStrings
1708	compatible_printers_condition	coString
1717	compatible_prints	coStrings
1723	compatible_prints_condition	coString
1734	compatible_machine_expression_group	coStrings
1737	compatible_process_expression_group	coStrings
1742	different_settings_to_system	coStrings
1746	print_compatible_printers	coStrings
1750	print_sequence	coEnum
1761	print_order	coEnum
1772	slow_down_for_layer_cooling	coBools
1779	default_acceleration	coFloat
1788	default_filament_profile	coStrings
1794	default_print_profile	coString
1800	activate_air_filtration	coBools
1807	activate_air_filtration_during_print	coBools
1813	activate_air_filtration_on_completion	coBools
1819	during_print_exhaust_fan_speed	coInts
1828	complete_print_exhaust_fan_speed	coInts
1837	close_fan_the_first_x_layers	coInts
1847	bridge_no_support	coBool
1855	thick_bridges	coBool
1863	thick_internal_bridges	coBool
1871	enable_extra_bridge_layer	coEnum
1902	dont_filter_internal_bridges	coEnum
1931	max_bridge_length	coFloat
1940	machine_end_gcode	coString
1949	printing_by_object_gcode	coString
1958	filament_end_gcode	coStrings
1967	ensure_vertical_shell_thickness	coEnum
1986	top_surface_pattern	coEnum
2009	bottom_surface_pattern	coEnum
2018	internal_solid_infill_pattern	coEnum
2027	outer_wall_line_width	coFloatOrPercent
2039	outer_wall_speed	coFloat
2049	small_perimeter_speed	coFloatOrPercent
2061	small_perimeter_threshold	coFloat
2070	wall_sequence	coEnum
2093	is_infill_first	coBool
2100	wall_direction	coEnum
2112	extruder	coInt
2127	extruder_clearance_height_to_rod	coFloat
2137	extruder_clearance_height_to_lid	coFloat
2146	extruder_clearance_radius	coFloat
2154	nozzle_height	coFloat
2162	bed_mesh_min	coPoint
2174	bed_mesh_max	coPoint
2186	bed_mesh_probe_distance	coPoint
2195	adaptive_bed_mesh_margin	coFloat
2202	grab_length	coFloats
2209	extruder_colour	coStrings
2217	extruder_offset	coPoints
2227	filament_flow_ratio	coFloats
2239	print_flow_ratio	coFloat
2252	enable_pressure_advance	coBools
2257	pressure_advance	coFloats
2265	adaptive_pressure_advance	coBools
2281	adaptive_pressure_advance_model	coStrings
2306	adaptive_pressure_advance_overhangs	coBools
2313	adaptive_pressure_advance_bridges	coFloats
2322	line_width	coFloatOrPercent
2334	reduce_fan_stop_start_freq	coBools
2340	dont_slow_down_outer_wall	coBools
2349	fan_cooling_layer_time	coFloats
2359	default_filament_colour	coStrings
2367	filament_colour	coStrings
2375	filament_notes	coStrings
2385	filament_multi_colour	coStrings
2389	filament_colour_type	coStrings
2401	filament_map	coInts
2407	physical_extruder_map	coInts
2414	filament_map_mode	coEnum
2430	enable_filament_dynamic_map	coBool
2436	has_filament_switcher	coBool
2442	filament_flush_temp	coInts
2452	filament_flush_volumetric_speed	coFloats
2462	filament_max_volumetric_speed	coFloats
2472	machine_load_filament_time	coFloat
2481	machine_unload_filament_time	coFloat
2490	machine_tool_change_time	coFloat
2500	support_object_skip_flush	coBool
2503	bed_temperature_formula	coEnum
2514	nozzle_flush_dataset	coInts
2518	filament_diameter	coFloats
2551	pellet_flow_coefficient	coFloats
2557	filament_adaptive_volumetric_speed	coBools
2567	volumetric_speed_coefficients	coStrings
2571	filament_shrink	coPercents
2584	filament_shrinkage_compensation_z	coPercents
2596	filament_adhesiveness_category	coInts
2603	filament_loading_speed	coFloats
2611	filament_loading_speed_start	coFloats
2619	filament_unloading_speed	coFloats
2628	filament_unloading_speed_start	coFloats
2636	filament_toolchange_delay	coFloats
2646	filament_cooling_moves	coInts
2655	filament_stamping_loading_speed	coFloats
2662	filament_stamping_distance	coFloats
2670	filament_cooling_initial_speed	coFloats
2678	filament_minimal_purge_on_wipe_tower	coFloats
2689	filament_cooling_before_tower	coFloats
2697	filament_tower_interface_pre_extrusion_dist	coFloats
2705	filament_tower_interface_pre_extrusion_length	coFloats
2713	filament_tower_ironing_area	coFloats
2721	filament_tower_interface_purge_volume	coFloats
2729	filament_tower_interface_print_temp	coInts
2737	filament_cooling_final_speed	coFloats
2745	filament_ramming_parameters	coStrings
2752	filament_multitool_ramming	coBools
2760	filament_multitool_ramming_volume	coFloats
2768	filament_multitool_ramming_flow	coFloats
2776	filament_density	coFloats
2784	filament_type	coStrings
2798	filament_soluble	coBools
2804	filament_change_length	coFloats
2812	filament_is_support	coBools
2822	filament_printable	coInts
2829	temperature_vitrification	coInts
2837	filament_cost	coFloats
2845	filament_settings_id	coStrings
2850	filament_ids	coStrings
2854	filament_vendor	coStrings
2861	infill_direction	coFloat
2871	solid_infill_direction	coFloat
2881	sparse_infill_density	coPercent
2891	align_infill_direction_to_model	coBool
2898	extra_solid_infills	coString
2907	fill_multiline	coInt
2919	gyroid_optimized	coBool
2928	sparse_infill_pattern	coEnum
2987	lateral_lattice_angle_1	coFloat
2997	lateral_lattice_angle_2	coFloat
3007	infill_overhang_angle	coFloat
3017	infill_anchor	coFloatOrPercent
3045	infill_anchor_max	coFloatOrPercent
3068	inner_wall_acceleration	coFloat
3077	travel_acceleration	coFloat
3086	top_surface_acceleration	coFloat
3095	outer_wall_acceleration	coFloat
3104	bridge_acceleration	coFloatOrPercent
3114	sparse_infill_acceleration	coFloatOrPercent
3124	internal_solid_infill_acceleration	coFloatOrPercent
3134	initial_layer_acceleration	coFloat
3143	initial_layer_travel_acceleration	coFloatOrPercent
3152	accel_to_decel_enable	coBool
3159	accel_to_decel_factor	coPercent
3169	default_jerk	coFloat
3178	default_junction_deviation	coFloat
3188	outer_wall_jerk	coFloat
3197	inner_wall_jerk	coFloat
3206	top_surface_jerk	coFloat
3215	infill_jerk	coFloat
3224	initial_layer_jerk	coFloat
3233	travel_jerk	coFloat
3242	initial_layer_travel_jerk	coFloatOrPercent
3251	initial_layer_line_width	coFloatOrPercent
3264	initial_layer_print_height	coFloat
3272	adaptive_layer_height	coBool
3280	initial_layer_speed	coFloat
3288	initial_layer_infill_speed	coFloat
3296	initial_layer_travel_speed	coFloatOrPercent
3306	slow_down_layers	coInt
3316	nozzle_temperature_initial_layer	coInts
3325	full_fan_speed_layer	coInts
3337	support_material_interface_fan_speed	coInts
3350	internal_bridge_fan_speed	coInts
3361	ironing_fan_speed	coInts
3373	filament_ironing_flow	coPercents
3385	filament_ironing_spacing	coFloats
3397	filament_ironing_inset	coFloats
3409	filament_ironing_speed	coFloats
3420	fuzzy_skin	coEnum
3441	fuzzy_skin_thickness	coFloat
3451	fuzzy_skin_point_distance	coFloat
3461	fuzzy_skin_first_layer	coBool
3468	fuzzy_skin_mode	coEnum
3491	fuzzy_skin_noise_type	coEnum
3517	fuzzy_skin_scale	coFloat
3527	fuzzy_skin_octaves	coInt
3536	fuzzy_skin_persistence	coFloat
3545	fuzzy_skin_ripples_per_layer	coInt
3553	fuzzy_skin_ripple_offset	coPercent
3567	fuzzy_skin_layers_between_ripple_offset	coInt
3578	filter_out_gap_fill	coFloat
3587	gap_infill_speed	coFloat
3597	precise_z_height	coBool
3607	enable_arc_fitting	coBool
3618	gcode_add_line_number	coBool
3625	scan_first_layer	coBool
3632	enable_power_loss_recovery	coEnum
3646	spaghetti_detector	coBool
3652	nozzle_type	coEnums
3672	nozzle_hrc	coInt
3681	printer_structure	coEnum
3698	best_object_pos	coPoint
3704	auxiliary_fan	coBool
3710	fan_speedup_time	coFloat
3723	fan_speedup_overhangs	coBool
3729	fan_kickstart	coFloat
3741	part_cooling_fan_min_pwm	coInt
3763	time_cost	coFloat
3772	support_chamber_temp_control	coBool
3779	support_air_filtration	coBool
3785	gcode_flavor	coEnum
3819	pellet_modded_printer	coBool
3825	support_multi_bed_types	coBool
3831	gcode_label_objects	coBool
3839	exclude_object	coBool
3845	gcode_comments	coBool
3854	infill_combination	coBool
3862	infill_shift_step	coFloat
3873	sparse_infill_rotate_template	coString
3887	solid_infill_rotate_template	coString
3898	skeleton_infill_density	coPercent
3911	skin_infill_density	coPercent
3924	skin_infill_depth	coFloat
3934	infill_lock_depth	coFloat
3944	skin_infill_line_width	coFloatOrPercent
3954	skeleton_infill_line_width	coFloatOrPercent
3964	symmetric_infill_y_axis	coBool
3973	infill_combination_max_layer_height	coFloatOrPercent
3987	enable_wrapping_detection	coBool
3993	wrapping_detection_layers	coInt
4000	wrapping_exclude_area	coPoints
4007	sparse_infill_filament	coInt
4016	sparse_infill_line_width	coFloatOrPercent
4028	infill_wall_overlap	coPercent
4041	top_bottom_infill_wall_overlap	coPercent
4054	sparse_infill_speed	coFloat
4063	inherits	coString
4073	inherits_group	coStrings
4077	interface_shells	coBool
4086	mmu_segmented_region_max_width	coFloat
4095	mmu_segmented_region_interlocking_depth	coFloat
4106	interlocking_beam	coBool
4113	interlocking_beam_width	coFloat
4122	interlocking_orientation	coFloat
4132	interlocking_beam_layer_count	coInt
4140	interlocking_depth	coInt
4148	interlocking_boundary_avoidance	coInt
4157	calib_flowrate_topinfill_special_order	coBool
4161	ironing_type	coEnum
4178	ironing_pattern	coEnum
4190	ironing_flow	coPercent
4202	ironing_spacing	coFloat
4212	ironing_inset	coFloat
4222	ironing_speed	coFloat
4231	ironing_angle	coFloat
4241	ironing_angle_fixed	coBool
4248	ironing_expansion	coFloat
4258	zaa_enabled	coBool
4265	zaa_minimize_perimeter_height	coFloat
4277	zaa_dont_alternate_fill_direction	coBool
4284	zaa_min_z	coFloat
4295	layer_change_gcode	coString
4304	time_lapse_gcode	coString
4312	wrapping_detection_gcode	coString
4320	silent_mode	coBool
4326	emit_machine_limits_to_gcode	coBool
4334	machine_pause_gcode	coString
4343	template_custom_gcode	coString
4352	small_area_infill_flow_compensation	coBool
4359	small_area_infill_flow_compensation_model	coStrings
4373	has_scarf_joint_seam	coBool
4450	machine_max_junction_deviation	coFloats
4461	machine_min_extruding_rate	coFloats
4471	machine_min_travel_rate	coFloats
4481	machine_max_acceleration_extruding	coFloats
4495	machine_max_acceleration_retracting	coFloats
4506	machine_max_acceleration_travel	coFloats
4517	resonance_avoidance	coBool
4525	min_resonance_avoidance_speed	coFloat
4533	max_resonance_avoidance_speed	coFloat
4542	input_shaping_emit	coBool
4548	input_shaping_type	coEnum
4557	input_shaping_freq_x	coFloat
4566	input_shaping_freq_y	coFloat
4575	input_shaping_damp_x	coFloat
4583	input_shaping_damp_y	coFloat
4591	fan_max_speed	coFloats
4601	max_layer_height	coFloats
4610	max_volumetric_extrusion_rate_slope	coFloat
4631	max_volumetric_extrusion_rate_slope_segment_length	coFloat
4643	extrusion_rate_smoothing_external_perimeter_only	coBool
4651	fan_min_speed	coFloats
4660	additional_cooling_fan_speed	coInts
4670	close_additional_fan_first_x_layers	coInts
4679	additional_fan_full_speed_layer	coInts
4688	first_x_layer_fan_speed	coFloats
4697	min_layer_height	coFloats
4706	slow_down_min_speed	coFloats
4715	nozzle_diameter	coFloats
4723	notes	coString
4733	host_type	coEnum
4770	nozzle_volume	coFloats
4779	cooling_tube_retraction	coFloat
4787	cooling_tube_length	coFloat
4795	high_current_on_filament_swap	coBool
4803	parking_pos_retraction	coFloat
4812	extra_loading_move	coFloat
4821	start_end_points	coPoints
4829	reduce_infill_retraction	coBool
4837	ooze_prevention	coBool
4843	filename_format	coString
4850	make_overhang_printable	coBool
4857	make_overhang_printable_angle	coFloat
4869	make_overhang_printable_hole_size	coFloat
4879	detect_overhang_wall	coBool
4887	wall_filament	coInt
4896	inner_wall_line_width	coFloatOrPercent
4908	inner_wall_speed	coFloat
4918	wall_loops	coInt
4926	alternate_extra_wall	coBool
4935	post_process	coStrings
4948	process_change_extrusion_role_gcode	coString
4957	printer_model	coString
4963	printer_notes	coString
4972	printer_variant	coString
4978	print_settings_id	coString
4983	printer_settings_id	coString
4988	raft_contact_distance	coFloat
4999	raft_expansion	coFloat
5008	raft_first_layer_density	coPercent
5018	raft_first_layer_expansion	coFloat
5028	raft_layers	coInt
5039	resolution	coFloat
5048	retraction_minimum_travel	coFloats
5055	retract_before_wipe	coPercents
5062	retract_when_changing_layer	coBools
5068	retraction_length	coFloats
5077	enable_long_retraction_when_cut	coInt
5081	long_retractions_when_cut	coBools
5088	retraction_distances_when_cut	coFloats
5096	long_retractions_when_ec	coBools
5102	retraction_distances_when_ec	coFloats
5111	retract_length_toolchange	coFloats
5122	z_hop	coFloats
5133	retract_lift_above	coFloats
5141	retract_lift_below	coFloats
5149	z_hop_types	coEnums
5164	travel_slope	coFloats
5173	retract_lift_above	coFloats
5180	retract_lift_below	coFloats
5187	retract_lift_enforce	coEnums
5202	extruder_type	coEnums
5215	nozzle_volume_type	coEnums
5227	default_nozzle_volume_type	coEnums
5239	extruder_variant_list	coStrings
5246	extruder_ams_count	coStrings
5252	printer_extruder_id	coInts
5259	printer_extruder_variant	coStrings
5266	master_extruder_id	coInt
5272	print_extruder_id	coInts
5279	print_extruder_variant	coStrings
5286	filament_extruder_id	coInts
5292	filament_extruder_variant	coStrings
5299	filament_self_index	coInts
5306	retract_restart_extra	coFloats
5314	retract_restart_extra_toolchange	coFloats
5322	retraction_speed	coFloats
5330	deretraction_speed	coFloats
5338	use_firmware_retraction	coBool
5345	bbl_calib_mark_logo	coBool
5351	disable_m73	coBool
5357	seam_position	coEnum
5375	staggered_inner_seams	coBool
5382	seam_gap	coFloatOrPercent
5392	seam_slope_type	coEnum
5406	seam_slope_conditional	coBool
5413	scarf_angle_threshold	coInt
5425	scarf_overhang_threshold	coPercent
5437	scarf_joint_speed	coFloatOrPercent
5451	scarf_joint_flow_ratio	coFloat
5460	seam_slope_start_height	coFloatOrPercent
5471	seam_slope_entire_loop	coBool
5478	seam_slope_min_length	coFloat
5487	seam_slope_steps	coInt
5495	seam_slope_inner_walls	coBool
5502	role_based_wipe_speed	coBool
5510	wipe_on_loops	coBool
5517	wipe_before_external_loop	coBool
5528	wipe_speed	coFloatOrPercent
5540	skirt_distance	coFloat
5549	skirt_start_angle	coFloat
5559	skirt_height	coInt
5567	single_loop_draft_shield	coBool
5573	draft_shield	coEnum
5588	skirt_type	coEnum
5600	skirt_loops	coInt
5609	skirt_speed	coFloat
5618	min_skirt_length	coFloat
5629	slow_down_layer_time	coFloats
5639	minimum_sparse_infill_area	coFloat
5648	solid_infill_filament	coInt
5657	internal_solid_infill_line_width	coFloatOrPercent
5669	internal_solid_infill_speed	coFloat
5678	spiral_mode	coBool
5686	spiral_mode_smooth	coBool
5693	spiral_mode_max_xy_smoothing	coFloatOrPercent
5706	spiral_starting_flow_ratio	coFloat
5717	spiral_finishing_flow_ratio	coFloat
5728	timelapse_type	coEnum
5745	standby_temperature_delta	coInt
5757	preheat_time	coFloat
5767	preheat_steps	coInt
5777	file_start_gcode	coString
5789	machine_start_gcode	coString
5798	filament_start_gcode	coStrings
5807	single_extruder_multi_material	coBool
5813	manual_filament_change	coBool
5821	wipe_tower_type	coEnum
5832	purge_in_prime_tower	coBool
5838	enable_filament_ramming	coBool
5844	tool_change_on_wipe_tower	coBool
5855	wipe_tower_no_sparse_layers	coBool
5863	single_extruder_multi_material_priming	coBool
5869	slice_closing_radius	coFloat
5879	slicing_mode	coEnum
5893	z_offset	coFloat
5903	enable_support	coBool
5910	support_type	coEnum
5927	support_object_xy_distance	coFloat
5938	support_object_first_layer_gap	coFloat
5949	support_angle	coFloat
5959	support_on_build_plate_only	coBool
5967	support_critical_regions_only	coBool
5974	support_remove_small_overhang	coBool
5983	support_top_z_distance	coFloat
6002	support_bottom_z_distance	coFloat
6013	enforce_support_layers	coInt
6027	support_filament	coInt
6036	support_interface_not_for_body	coBool
6043	support_line_width	coFloatOrPercent
6055	support_interface_loop_pattern	coBool
6062	support_interface_filament	coInt
6072	support_interface_top_layers	coInt
6090	support_interface_bottom_layers	coInt
6104	support_interface_spacing	coFloat
6115	support_bottom_interface_spacing	coFloat
6124	support_interface_speed	coFloat
6133	support_base_pattern	coEnum
6158	support_interface_pattern	coEnum
6178	support_base_pattern_spacing	coFloat
6187	support_expansion	coFloat
6195	support_speed	coFloat
6204	support_style	coEnum
6232	independent_support_layer_height	coBool
6240	support_threshold_angle	coInt
6253	support_threshold_overlap	coFloatOrPercent
6264	tree_support_branch_angle	coFloat
6275	tree_support_branch_angle_organic	coFloat
6286	tree_support_angle_slow	coFloat
6298	tree_support_branch_distance	coFloat
6308	tree_support_branch_distance_organic	coFloat
6318	tree_support_top_rate	coPercent
6332	tree_support_auto_brim	coBool
6338	tree_support_brim_width	coFloat
6345	tree_support_tip_diameter	coFloat
6356	tree_support_branch_diameter	coFloat
6366	tree_support_branch_diameter_angle	coFloat
6380	tree_support_branch_diameter_organic	coFloat
6390	tree_support_wall_count	coInt
6399	tree_support_with_infill	coBool
6406	support_ironing	coBool
6414	support_ironing_pattern	coEnum
6426	support_ironing_flow	coPercent
6438	support_ironing_spacing	coFloat
6448	activate_chamber_temp_control	coBools
6457	chamber_temperature	coInts
6478	nozzle_temperature	coInts
6487	nozzle_temperature_range_low	coInts
6495	nozzle_temperature_range_high	coInts
6503	head_wrap_detect_zone	coPoints
6508	detect_thin_wall	coBool
6516	change_filament_gcode	coString
6525	change_extrusion_role_gcode	coString
6534	filament_change_extrusion_role_gcode	coStrings
6543	top_surface_line_width	coFloatOrPercent
6555	top_surface_speed	coFloat
6564	top_shell_layers	coInt
6575	top_shell_thickness	coFloat
6586	top_surface_density	coPercent
6598	bottom_surface_density	coPercent
6610	travel_speed	coFloat
6618	travel_speed_z	coFloat
6628	wipe	coBools
6635	wipe_distance	coFloats
6646	enable_prime_tower	coBool
6653	prime_tower_enable_framework	coBool
6659	flush_volumes_vector	coFloats
6669	flush_volumes_matrix	coFloats
6679	flush_multiplier	coFloats
6686	prime_volume	coFloat
6694	wipe_tower_x	coFloats
6702	wipe_tower_y	coFloats
6710	prime_tower_width	coFloat
6718	wipe_tower_rotation_angle	coFloat
6725	prime_tower_brim_width	coFloat
6736	wipe_tower_cone_angle	coFloat
6746	wipe_tower_max_purge_speed	coFloat
6759	wipe_tower_wall_type	coEnum
6775	wipe_tower_extra_rib_length	coFloat
6784	wipe_tower_rib_width	coFloat
6793	wipe_tower_fillet_wall	coBool
6800	wipe_tower_filament	coInt
6810	wiping_volumes_extruders	coFloats
6817	prime_tower_skip_points	coBool
6823	prime_tower_flat_ironing	coBool
6827	enable_tower_interface_features	coBool
6833	enable_tower_interface_cooldown_during_tower	coBool
6839	prime_tower_infill_gap	coPercent
6847	flush_into_infill	coBool
6856	flush_into_support	coBool
6864	flush_into_objects	coBool
6872	wipe_tower_bridging	coFloat
6879	wipe_tower_extra_spacing	coPercent
6888	wipe_tower_extra_flow	coPercent
6898	idle_temperature	coInts
6907	xy_hole_compensation	coFloat
6917	xy_contour_compensation	coFloat
6927	hole_to_polyhole	coBool
6936	hole_to_polyhole_threshold	coFloatOrPercent
6949	hole_to_polyhole_twisted	coBool
6956	thumbnails	coString
6963	thumbnails_format	coEnum
6980	use_relative_e_distances	coBool
6989	wall_generator	coEnum
7003	wall_transition_length	coPercent
7014	wall_transition_filter_deviation	coPercent
7029	wall_transition_angle	coFloat
7042	wall_distribution_count	coInt
7051	min_feature_size	coPercent
7062	min_length_factor	coFloat
7076	wall_maximum_resolution	coFloat
7087	wall_maximum_deviation	coFloat
7099	initial_layer_min_bead_width	coPercent
7109	min_bead_width	coPercent
7154	detect_narrow_internal_solid_infill	coBool
7235	display_width	coFloat
7241	display_height	coFloat
7247	display_pixels_x	coInt
7254	display_pixels_y	coInt
7261	display_mirror_x	coBool
7268	display_mirror_y	coBool
7275	display_orientation	coEnum
7286	fast_tilt_time	coFloat
7295	slow_tilt_time	coFloat
7304	area_fill	coFloat
7312	relative_correction	coFloats
7320	relative_correction_x	coFloat
7328	relative_correction_y	coFloat
7336	relative_correction_z	coFloat
7344	absolute_correction	coFloat
7351	elefant_foot_min_width	coFloat
7360	gamma_correction	coFloat
7372	material_colour	coString
7378	material_type	coString
7390	initial_layer_height	coFloat
7397	bottle_volume	coFloat
7404	bottle_weight	coFloat
7411	material_density	coFloat
7418	bottle_cost	coFloat
7425	faded_layers	coInt
7433	min_exposure_time	coFloat
7441	max_exposure_time	coFloat
7449	exposure_time	coFloat
7456	min_initial_exposure_time	coFloat
7464	max_initial_exposure_time	coFloat
7472	initial_exposure_time	coFloat
7479	material_correction	coFloats
7486	material_correction_x	coFloat
7493	material_correction_y	coFloat
7500	material_correction_z	coFloat
7507	material_vendor	coString
7513	default_sla_material_profile	coString
7519	sla_material_settings_id	coString
7525	default_sla_print_profile	coString
7531	sla_print_settings_id	coString
7537	supports_enable	coBool
7544	support_head_front_diameter	coFloat
7553	support_head_penetration	coFloat
7562	support_head_width	coFloat
7572	support_pillar_diameter	coFloat
7582	support_small_pillar_diameter_percent	coPercent
7592	support_max_bridges_on_pillar	coInt
7600	support_pillar_connection_mode	coEnum
7613	support_buildplate_only	coBool
7620	support_pillar_widening_factor	coFloat
7629	support_base_diameter	coFloat
7639	support_base_height	coFloat
7648	support_base_safety_distance	coFloat
7658	support_critical_angle	coFloat
7668	support_max_bridge_length	coFloat
7677	support_max_pillar_link_distance	coFloat
7686	support_object_elevation	coFloat
7696	support_points_density_relative	coInt
7704	support_points_minimal_distance	coFloat
7712	pad_enable	coBool
7719	pad_wall_thickness	coFloat
7729	pad_wall_height	coFloat
7739	pad_brim_size	coFloat
7749	pad_max_merge_distance	coFloat
7758	pad_wall_slope	coFloat
7768	pad_around_object	coBool
7775	pad_around_object_everywhere	coBool
7782	pad_object_gap	coFloat
7792	pad_object_connector_stride	coFloat
7801	pad_object_connector_width	coFloat
7810	pad_object_connector_penetration	coFloat
7819	hollowing_enable	coBool
7826	hollowing_min_thickness	coFloat
7836	hollowing_quality	coFloat
7845	hollowing_closing_distance	coFloat
7855	material_print_speed	coEnum
10334	export_obj	coBool
10340	export_svg	coBool
10346	export_sla	coBool
10352	export_3mf	coString
10358	export_slicedata	coString
10364	load_slicedata	coStrings
10370	export_amf	coBool
10375	export_stl	coBool
10380	export_stls	coString
10385	export_gcode	coBool
10391	gcodeviewer	coBool
10398	slice	coInt
10405	help	coBool
10411	uptodate	coBool
10417	load_defaultfila	coBool
10423	min_save	coBool
10429	mtcpp	coInt
10436	mstpp	coInt
10444	no_check	coBool
10449	normative_check	coBool
10455	help_fff	coBool
10460	help_sla	coBool
10465	info	coBool
10470	export_settings	coString
10476	pipe	coString
10489	align_xy	coPoint
10494	cut	coFloat
10500	cut_grid	coFloat
10505	cut_x	coFloat
10510	cut_y	coFloat
10516	center	coPoint
10521	arrange	coInt
10528	repetitions	coInt
10534	ensure_on_bed	coBool
10539	copy	coInt
10545	duplicate_grid	coPoint
10549	assemble	coBool
10555	convert_unit	coBool
10560	orient	coInt
10566	repair	coBool
10571	rotate	coFloat
10577	rotate_x	coFloat
10583	rotate_y	coFloat
10589	scale	coFloat
10595	split	coBool
10599	scale_to_fit	coPoint
10609	ignore_nonexistent_config	coBool
10613	config_compatibility	coEnum
10627	load	coStrings
10631	load_settings	coStrings
10637	load_filaments	coStrings
10643	skip_objects	coInts
10649	clone_objects	coInts
10655	uptodate_settings	coStrings
10661	uptodate_filaments	coStrings
10667	downward_check	coBool
10672	downward_settings	coStrings
10678	load_assemble_list	coString
10684	output	coString
10689	single_instance	coBool
10696	autosave	coString
10701	datadir	coString
10706	outputdir	coString
10712	debug	coInt
10719	enable_timelapse	coBool
10725	sw_renderer	coBool
10731	load_custom_gcodes	coString
10737	load_filament_ids	coInts
10743	allow_multicolor_oneplate	coBool
10748	allow_rotations	coBool
10753	avoid_extrusion_cali_region	coBool
10758	skip_modified_gcodes	coBool
10764	makerlab_name	coString
10770	makerlab_version	coString
10776	metadata_name	coStrings
10782	metadata_value	coStrings
10788	allow_newer_file	coBool
10794	allow_mix_temp	coBool
10830	zhop	coFloat
10839	position	coFloats
10844	e_retracted	coFloats
10849	e_restart_extra	coFloats
10853	e_position	coFloats
10862	current_extruder	coInt
10866	current_object_idx	coInt
10870	has_wipe_tower	coBool
10874	initial_extruder	coInt
10878	initial_tool	coInt
10882	is_extruder_used	coBools
10886	num_extruders	coInt
10891	initial_filament_type	coString
10895	has_single_extruder_multi_material_priming	coBool
10907	extruded_volume	coFloats
10911	total_toolchanges	coInt
10915	extruded_volume_total	coFloat
10919	extruded_weight	coFloats
10923	extruded_weight_total	coFloat
10927	total_layer_count	coInt
10931	normal_print_time	coString
10935	num_printing_extruders	coInt
10939	print_time	coString
10943	printing_filament_types	coString
10947	silent_print_time	coString
10951	total_cost	coFloat
10955	total_weight	coFloat
10959	total_wipe_tower_cost	coFloat
10963	total_wipe_tower_filament	coFloat
10967	used_filament	coFloat
10971	print_time_sec	coString
10975	used_filament_length	coString
10984	num_objects	coInt
10988	num_instances	coInt
10992	scale	coStrings
10998	input_filename_base	coString
11013	first_layer_print_convex_hull	coPoints
11018	first_layer_print_min	coFloats
11022	first_layer_print_max	coFloats
11026	first_layer_print_size	coFloats
11030	print_bed_min	coFloats
11034	print_bed_max	coFloats
11038	print_bed_size	coFloats
11064	timestamp	coString
11068	year	coInt
11071	month	coInt
11074	day	coInt
11077	hour	coInt
11080	minute	coInt
11083	second	coInt
11091	print_preset	coString
11095	filament_preset	coString
11100	printer_preset	coString
11104	physical_printer_preset	coString
11146	layer_num	coInt
11150	layer_z	coFloat
11154	max_layer_z	coFloat
11158	filament_extruder_id	coInt
